{
    "NUM_COLORS": [
        4,
        4,
        4,
        4,
        4,
        4,
        4,
        4,
        4,
        2,
        2,
        2
    ],
    "NUM_ITEMS": [
        30,
        30,
        30,
        30,
        10,
        50,
        30,
        30,
        30,
        80,
        20,
        50
    ],
    "BIN_SIZE": [
        10,
        10,
        10,
        10,
        10,
        10,
        10,
        10,
        10,
        100,
        100,
        100
    ],
    "DISCREPANCY": [
        0,
        0,
        0,
        0,
        0,
        0,
        0,
        0,
        0,
        0,
        0,
        0
    ],
    "OBJ_VAL": [
        15,
        16,
        16,
        16,
        5,
        27,
        16,
        16,
        16,
        46,
        10,
        22
    ],
    "OBJ_BOUND": [
        15,
        15,
        15,
        15,
        5,
        27,
        15,
        15,
        15,
        43,
        9,
        21
    ],
    "OBJ_GAP": [
        0,
        0.0625,
        0.0625,
        0.0625,
        0,
        0,
        0.0625,
        0.0625,
        0.0625,
        0.0652174,
        0.1,
        0.0454545
    ],
    "NUM_VARS": [
        180,
        180,
        180,
        180,
        60,
        300,
        180,
        180,
        180,
        320,
        80,
        200
    ],
    "NUM_CONSTRS": [
        34,
        137,
        137,
        137,
        27,
        358,
        137,
        137,
        137,
        1651,
        116,
        668
    ],
    "SOLVE_TIME": [
        0.395355224609375,
        2.9611878395080566,
        2.8641669750213623,
        20.84160017967224,
        0.27521824836730957,
        0.8420054912567139,
        20.940834283828735,
        20.85631275177002,
        20.928913116455078,
        20.839999675750732,
        23.183384656906128,
        24.086761951446533
    ],
    "STATUS": [
        "Optimal",
        "Feasible",
        "Feasible",
        "Feasible",
        "Optimal",
        "Optimal",
        "Feasible",
        "Feasible",
        "Feasible",
        "Feasible",
        "Feasible",
        "Feasible"
    ]
}