{
    "NUM_COLORS": [
        4,
        8,
        8,
        8,
        4,
        8,
        4,
        8,
        8,
        32,
        32
    ],
    "NUM_ITEMS": [
        8,
        8,
        8,
        8,
        16,
        8,
        16,
        64,
        64,
        128,
        128
    ],
    "BIN_SIZE": [
        8,
        8,
        8,
        16,
        16,
        16,
        16,
        16,
        16,
        8,
        8
    ],
    "DISCREPANCY": [
        0,
        0.25,
        0.75,
        0,
        0.25,
        0.5,
        0.75,
        0.25,
        0.75,
        0.25,
        0.75
    ],
    "OBJ_VAL": [
        4.0,
        3.0,
        2.0,
        4.0,
        5.0,
        3.0,
        3.0,
        31.0,
        11.0,
        61.0,
        24.0
    ],
    "OBJ_BOUND": [
        4.0,
        3.0,
        2.0,
        4.0,
        5.0,
        3.0,
        3.0,
        31.0,
        11.0,
        61.0,
        24.0
    ],
    "OBJ_GAP": [
        0.0,
        0.0,
        0.0,
        0.0,
        0.0,
        0.0,
        0.0,
        0.0,
        0.0,
        0.0,
        0.0
    ],
    "NUM_VARS": [
        144,
        208,
        208,
        208,
        416,
        208,
        416,
        5248,
        5248,
        24832,
        24832
    ],
    "NUM_CONSTRS": [
        199,
        295,
        295,
        295,
        527,
        295,
        527,
        5951,
        5951,
        29311,
        29311
    ],
    "SOLVE_TIME": [
        0.06300000000192085,
        0.046999999998661224,
        0.046999999998661224,
        0.1569999999992433,
        0.3440000000045984,
        0.07799999999406282,
        0.34399999999732245,
        173.67199999999866,
        21.843000000000757,
        2706.7969999999987,
        51.9690000000046
    ],
    "STATUS": [
        "integer optimal solution",
        "integer optimal solution",
        "integer optimal solution",
        "integer optimal solution",
        "integer optimal solution",
        "integer optimal solution",
        "integer optimal solution",
        "integer optimal solution",
        "integer optimal solution",
        "integer optimal solution",
        "integer optimal solution"
    ]
}